GROUP,PACKAGE,CLASS,INSTRUCTION_MISSED,INSTRUCTION_COVERED,BRANCH_MISSED,BRANCH_COVERED,LINE_MISSED,LINE_COVERED,COMPLEXITY_MISSED,COMPLEXITY_COVERED,METHOD_MISSED,METHOD_COVERED
Walmart :: Event Processing :: Item :: Kafka,com.walmart.move.event.item,FileBasedWebConfig,0,78,0,0,0,15,0,8,0,8
Walmart :: Event Processing :: Item :: Kafka,com.walmart.move.event.item.core,ItemFilterBolt.new TypeToken() {...},0,6,0,0,0,1,0,1,0,1
Walmart :: Event Processing :: Item :: Kafka,com.walmart.move.event.item.core,ReceivingItemBolt.new TypeToken() {...},0,6,0,0,0,1,0,1,0,1
Walmart :: Event Processing :: Item :: Kafka,com.walmart.move.event.item.core,Item,0,10,0,0,0,5,0,3,0,3
Walmart :: Event Processing :: Item :: Kafka,com.walmart.move.event.item.core,ItemFilterBolt,0,108,0,0,0,14,0,5,0,5
Walmart :: Event Processing :: Item :: Kafka,com.walmart.move.event.item.core,ItemMasterBolt,0,96,0,2,0,13,0,5,0,4
Walmart :: Event Processing :: Item :: Kafka,com.walmart.move.event.item.core,ReceivingItemBolt,0,135,0,2,0,21,0,5,0,4
Walmart :: Event Processing :: Item :: Kafka,com.walmart.move.event.item.core,ReceivingItem,0,24,0,0,0,11,0,7,0,7
Walmart :: Event Processing :: Item :: Kafka,com.walmart.move.eventing.core,EventOrigin,0,9,0,0,0,4,0,2,0,2
Walmart :: Event Processing :: Item :: Kafka,com.walmart.move.eventing.core,EventType,0,101,0,4,0,11,0,8,0,6
Walmart :: Event Processing :: Item :: Kafka,com.walmart.move.eventing.core,StringToGson,0,21,0,0,0,5,0,2,0,2
Walmart :: Event Processing :: Item :: Kafka,com.walmart.move.eventing.core,EventHeader,0,91,0,4,0,26,0,14,0,12
Walmart :: Event Processing :: Item :: Kafka,com.walmart.move.eventing.core,EventNotification,0,21,0,0,0,6,0,3,0,3
